customerID,gender,SeniorCitizen,tenure,PhoneService,InternetService,MonthlyCharges,TotalCharges,Churn
CUST00001,Male,0,57,No,Fiber optic,36.99,2008.62,No
CUST00002,Male,0,25,Yes,DSL,81.32,2112.83,No
CUST00003,Male,0,11,No,Fiber optic,64.26,793.62,No
CUST00004,Female,0,3,No,DSL,91.95,270.77,No
CUST00005,Male,0,29,Yes,DSL,49.52,1623.94,No
CUST00006,Male,0,47,No,DSL,34.32,1438.94,No
CUST00007,Female,0,24,No,Fiber optic,20.31,516.79,No
CUST00008,Female,0,16,No,DSL,93.91,,No
CUST00009,Male,0,11,Yes,Fiber optic,66.38,767.46,No
CUST00010,Female,0,25,No,Fiber optic,98.54,2451.63,No
CUST00011,Male,1,37,No,DSL,67.62,2134.39,No
CUST00012,Female,0,59,No,DSL,88.88,5463.1,No
CUST00013,Female,0,5,Yes,DSL,72.54,318.95,No
CUST00014,Male,0,0,Yes,Fiber optic,91.97,,Yes
CUST00015,Female,0,4,Yes,No,94.74,355.32,Yes
CUST00016,Male,0,6,No,DSL,69.73,414.35,No
CUST00017,Female,0,40,No,Fiber optic,68.38,2618.2,No
CUST00018,Male,0,6,No,Fiber optic,92.85,528.11,Yes
CUST00019,Female,0,70,No,Fiber optic,42.63,2622.28,No
CUST00020,Male,0,3,No,No,103.7,290.49,Yes
CUST00021,Male,0,14,No,Fiber optic,69.78,1085.43,Yes
CUST00022,Female,0,65,Yes,No,36.39,1766.52,No
CUST00023,Male,0,0,Yes,DSL,106.01,,Yes
CUST00024,Male,0,54,No,DSL,72.51,3827.66,No
CUST00025,Female,0,10,No,No,83.0,929.64,No
CUST00026,Female,1,69,No,No,30.44,2352.31,No
CUST00027,Male,0,1,No,DSL,90.88,86.54,No
CUST00028,Female,0,14,No,Fiber optic,45.65,547.71,Yes
CUST00029,Female,0,37,No,DSL,21.67,855.3,No
CUST00030,Male,0,11,Yes,Fiber optic,93.3,933.01,Yes
CUST00031,Female,0,3,Yes,DSL,101.37,274.63,Yes
CUST00032,Male,1,39,Yes,Fiber optic,90.15,3708.85,Yes
CUST00033,Female,0,33,Yes,Fiber optic,32.21,831.02,Yes
CUST00034,Male,0,69,Yes,DSL,95.19,6210.43,No
CUST00035,Female,0,46,No,Fiber optic,73.51,2989.34,No
CUST00036,Female,0,42,No,DSL,75.57,3392.96,No
CUST00037,Male,0,22,No,No,74.39,1435.64,No
CUST00038,Male,0,11,Yes,DSL,92.58,946.34,No
CUST00039,Female,0,5,No,Fiber optic,74.4,324.57,No
CUST00040,Female,1,10,Yes,Fiber optic,95.56,993.0,No
CUST00041,Female,0,24,No,Fiber optic,76.97,1892.26,No
CUST00042,Female,0,38,No,DSL,97.91,3497.5,No
CUST00043,Female,0,5,No,DSL,77.93,365.76,No
CUST00044,Male,0,37,Yes,No,71.87,2493.79,No
CUST00045,Male,0,15,Yes,Fiber optic,90.72,1504.46,Yes
CUST00046,Male,0,6,No,No,95.4,577.04,Yes
CUST00047,Male,0,51,No,DSL,42.06,,No
CUST00048,Female,0,51,Yes,Fiber optic,41.7,1879.24,No
CUST00049,Male,0,72,No,DSL,29.98,2575.45,No
CUST00050,Male,0,13,Yes,Fiber optic,40.11,,No
CUST00051,Male,0,10,No,No,107.16,,Yes
CUST00052,Male,0,27,No,Fiber optic,33.13,947.78,No
CUST00053,Female,0,8,Yes,Fiber optic,93.75,681.66,No
CUST00054,Female,0,5,Yes,No,84.74,446.47,Yes
CUST00055,Male,0,55,Yes,DSL,27.41,1573.76,No
CUST00056,Male,0,29,Yes,No,50.6,1544.99,No
CUST00057,Male,1,16,Yes,DSL,25.09,,No
CUST00058,Female,0,54,No,Fiber optic,76.93,4017.47,No
CUST00059,Male,1,44,No,Fiber optic,59.0,3026.7,No
CUST00060,Male,0,0,No,No,76.1,,No
CUST00061,Male,0,16,Yes,Fiber optic,67.53,1215.88,No
CUST00062,Male,0,22,No,Fiber optic,66.54,1558.59,No
CUST00063,Female,0,16,Yes,No,99.49,1538.27,No
CUST00064,Male,0,37,Yes,DSL,91.41,,No
CUST00065,Female,0,23,No,Fiber optic,76.59,1603.26,No
CUST00066,Female,0,70,No,Fiber optic,60.87,3757.63,No
CUST00067,Female,0,17,No,DSL,87.37,1352.2,No
CUST00068,Male,0,72,Yes,Fiber optic,33.96,2252.93,No
CUST00069,Female,0,14,Yes,Fiber optic,90.87,1303.83,No
CUST00070,Female,0,2,Yes,No,102.52,206.31,No
CUST00071,Female,0,14,No,DSL,89.84,1184.72,No
CUST00072,Female,1,37,Yes,No,66.77,2152.01,No
CUST00073,Male,1,49,No,DSL,81.76,4018.61,No
CUST00074,Male,0,50,No,DSL,37.7,2008.73,No
CUST00075,Female,0,8,Yes,Fiber optic,89.36,714.08,Yes
CUST00076,Male,1,12,Yes,DSL,34.09,496.27,No
CUST00077,Male,1,29,Yes,DSL,56.05,1861.05,No
CUST00078,Female,0,38,No,Fiber optic,32.09,1288.93,No
CUST00079,Male,1,12,Yes,DSL,33.32,514.98,No
CUST00080,Male,1,65,No,Fiber optic,82.21,4952.86,No
CUST00081,Female,1,2,Yes,Fiber optic,107.73,195.68,No
CUST00082,Female,0,23,No,DSL,79.22,1686.87,No
CUST00083,Male,0,8,Yes,Fiber optic,80.33,695.24,Yes
CUST00084,Female,1,31,Yes,Fiber optic,84.56,2417.37,No
CUST00085,Male,0,55,No,DSL,77.26,4244.57,No
CUST00086,Male,0,19,Yes,Fiber optic,78.28,,No
CUST00087,Male,0,32,No,DSL,92.5,3085.77,No
CUST00088,Male,0,46,Yes,DSL,57.68,,No
CUST00089,Male,0,3,Yes,Fiber optic,87.02,252.79,No
CUST00090,Male,0,48,No,No,79.66,3528.75,No
CUST00091,Male,0,49,No,DSL,66.32,2832.71,No
CUST00092,Female,1,3,No,Fiber optic,60.57,190.01,No
CUST00093,Female,0,1,No,DSL,103.98,101.3,No
CUST00094,Male,0,2,No,Fiber optic,85.83,160.45,Yes
CUST00095,Female,0,6,Yes,Fiber optic,108.12,598.08,No
CUST00096,Male,0,41,Yes,DSL,28.84,865.53,No
CUST00097,Male,0,47,No,DSL,29.89,1216.22,No
CUST00098,Female,1,72,No,DSL,37.13,3366.38,Yes
CUST00099,Female,0,61,No,Fiber optic,91.65,5462.17,No
CUST00100,Male,1,27,Yes,Fiber optic,70.75,1689.61,Yes
CUST00101,Male,0,29,Yes,Fiber optic,84.93,2309.09,No
CUST00102,Female,0,68,No,DSL,54.76,3186.59,No
CUST00103,Female,1,7,Yes,No,78.51,512.05,Yes
CUST00104,Female,0,8,No,Fiber optic,63.85,526.38,No
CUST00105,Male,0,23,No,Fiber optic,71.23,1772.92,No
CUST00106,Male,0,11,No,Fiber optic,74.43,815.37,Yes
CUST00107,Female,0,49,Yes,No,39.46,2057.2,No
CUST00108,Female,1,0,No,Fiber optic,86.23,,Yes
CUST00109,Female,1,7,No,Fiber optic,66.31,529.24,Yes
CUST00110,Male,0,29,No,DSL,42.29,1192.14,No
CUST00111,Female,0,49,Yes,DSL,28.86,1518.27,No
CUST00112,Male,0,5,Yes,DSL,108.07,503.67,No
CUST00113,Male,0,0,Yes,Fiber optic,66.85,,No
CUST00114,Female,0,71,Yes,No,97.99,,No
CUST00115,Female,0,33,No,DSL,59.48,2024.81,No
CUST00116,Female,1,2,No,DSL,100.73,219.99,No
CUST00117,Female,1,8,Yes,Fiber optic,83.57,604.93,Yes
CUST00118,Male,0,11,No,Fiber optic,88.94,1053.08,No
CUST00119,Female,1,56,No,DSL,55.92,3655.7,No
CUST00120,Male,0,11,Yes,DSL,65.08,662.42,No
CUST00121,Female,0,23,Yes,DSL,94.87,2092.47,No
CUST00122,Female,0,41,Yes,No,86.27,3923.42,No
CUST00123,Female,1,15,Yes,Fiber optic,54.3,853.78,No
CUST00124,Female,0,55,No,No,43.06,2771.86,No
CUST00125,Male,0,63,Yes,DSL,40.73,2865.96,No
CUST00126,Female,0,23,Yes,DSL,25.13,379.88,No
CUST00127,Female,0,0,No,Fiber optic,78.49,,No
CUST00128,Male,1,69,Yes,Fiber optic,89.16,5735.58,Yes
CUST00129,Male,1,11,No,No,65.09,,No
CUST00130,Male,0,10,Yes,DSL,71.12,642.12,Yes
CUST00131,Male,0,62,Yes,Fiber optic,29.34,2057.08,Yes
CUST00132,Female,0,11,No,No,100.81,1125.06,Yes
CUST00133,Female,0,8,No,Fiber optic,101.16,746.21,Yes
CUST00134,Female,0,51,No,Fiber optic,85.88,4300.53,Yes
CUST00135,Male,0,57,No,Fiber optic,57.16,3585.27,No
CUST00136,Male,0,48,No,No,20.61,775.47,No
CUST00137,Female,0,3,Yes,DSL,66.41,198.05,No
CUST00138,Female,0,4,No,No,64.41,239.75,No
CUST00139,Male,0,6,No,Fiber optic,91.15,590.4,Yes
CUST00140,Male,0,63,Yes,No,47.55,3224.87,No
CUST00141,Male,0,15,Yes,Fiber optic,34.09,642.05,No
CUST00142,Male,0,11,Yes,DSL,105.32,1145.65,Yes
CUST00143,Male,0,0,No,Fiber optic,78.87,,Yes
CUST00144,Female,0,1,Yes,Fiber optic,77.3,76.74,Yes
CUST00145,Female,0,63,Yes,Fiber optic,52.48,2758.48,No
CUST00146,Female,0,48,No,Fiber optic,90.17,4664.43,No
CUST00147,Male,0,3,Yes,DSL,109.67,344.44,No
CUST00148,Male,0,69,Yes,DSL,79.94,4867.86,No
CUST00149,Female,0,0,Yes,DSL,105.45,,Yes
CUST00150,Male,0,1,No,DSL,63.83,66.87,No
CUST00151,Female,0,7,No,DSL,99.99,752.66,Yes
CUST00152,Female,0,49,Yes,Fiber optic,70.93,3129.44,No
CUST00153,Male,0,16,Yes,Fiber optic,82.15,1183.49,No
CUST00154,Male,0,3,No,DSL,85.3,267.36,No
CUST00155,Male,1,26,No,No,36.25,836.09,No
CUST00156,Female,0,8,Yes,Fiber optic,60.24,421.34,No
CUST00157,Female,0,1,No,Fiber optic,84.85,83.09,Yes
CUST00158,Male,0,2,Yes,DSL,90.6,190.46,No
CUST00159,Female,1,15,No,Fiber optic,66.37,945.3,No
CUST00160,Male,0,71,No,No,35.75,3208.01,No
CUST00161,Female,1,6,No,No,67.7,460.17,No
CUST00162,Male,0,12,Yes,DSL,55.28,689.03,No
CUST00163,Male,1,39,Yes,No,77.58,3107.9,No
CUST00164,Male,0,47,No,DSL,86.64,3920.92,No
CUST00165,Female,0,43,Yes,Fiber optic,50.34,1781.88,No
CUST00166,Female,1,34,No,Fiber optic,36.08,927.66,No
CUST00167,Female,0,9,No,DSL,77.04,606.83,No
CUST00168,Male,0,69,No,DSL,57.83,3552.3,No
CUST00169,Male,0,30,No,DSL,81.28,2647.55,No
CUST00170,Male,1,8,Yes,Fiber optic,93.81,828.23,No
CUST00171,Female,0,58,Yes,Fiber optic,70.1,4435.25,Yes
CUST00172,Male,0,20,No,Fiber optic,30.28,,No
CUST00173,Male,0,6,Yes,No,67.84,424.13,No
CUST00174,Male,0,6,Yes,DSL,88.79,500.23,Yes
CUST00175,Male,0,68,Yes,DSL,61.36,4773.16,No
CUST00176,Female,1,7,Yes,No,62.69,,No
CUST00177,Male,0,8,Yes,DSL,64.33,569.04,No
CUST00178,Female,0,23,No,DSL,99.42,2434.94,No
CUST00179,Female,1,54,Yes,No,58.86,3242.01,Yes
CUST00180,Female,0,49,Yes,Fiber optic,23.93,766.16,No
CUST00181,Female,0,1,No,No,77.41,,No
CUST00182,Male,1,5,No,DSL,64.75,337.5,No
CUST00183,Male,0,1,Yes,No,82.13,91.95,No
CUST00184,Female,0,2,No,No,79.47,,Yes
CUST00185,Male,0,22,Yes,Fiber optic,97.44,2055.0,No
CUST00186,Male,0,28,Yes,No,55.79,1354.4,No
CUST00187,Female,0,6,Yes,Fiber optic,108.99,631.64,Yes
CUST00188,Female,0,47,No,No,25.45,1556.97,No
CUST00189,Female,0,47,Yes,No,35.53,1541.61,No
CUST00190,Female,0,6,Yes,Fiber optic,92.09,512.0,Yes
CUST00191,Male,0,7,No,DSL,90.95,703.02,No
CUST00192,Female,0,0,Yes,No,106.02,,No
CUST00193,Male,0,12,No,No,32.09,499.24,No
CUST00194,Male,1,7,No,Fiber optic,69.84,537.19,Yes
CUST00195,Female,0,4,Yes,DSL,93.31,383.46,Yes
CUST00196,Female,0,8,Yes,Fiber optic,90.05,670.42,No
CUST00197,Male,0,27,Yes,Fiber optic,36.22,749.68,Yes
CUST00198,Male,1,4,No,DSL,91.54,385.83,Yes
CUST00199,Female,1,1,Yes,DSL,79.13,73.26,Yes
CUST00200,Male,1,44,No,DSL,70.51,3267.08,No
CUST00201,Female,1,54,Yes,No,50.1,2587.16,No
CUST00202,Male,0,11,Yes,Fiber optic,62.71,627.94,No
CUST00203,Female,0,46,No,DSL,74.18,3747.94,No
CUST00204,Male,0,35,No,Fiber optic,35.32,1458.39,No
CUST00205,Female,0,8,No,Fiber optic,86.94,667.06,Yes
CUST00206,Male,0,71,No,DSL,90.87,5952.64,No
CUST00207,Female,0,23,Yes,Fiber optic,35.32,,No
CUST00208,Male,0,6,No,No,80.77,436.02,Yes
CUST00209,Male,0,3,No,Fiber optic,107.66,342.14,No
CUST00210,Female,0,55,Yes,No,84.8,4294.44,No
CUST00211,Female,0,38,Yes,DSL,94.48,3754.27,No
CUST00212,Male,1,44,No,DSL,57.32,2839.14,Yes
CUST00213,Female,0,20,Yes,No,35.05,679.32,No
CUST00214,Male,1,65,No,DSL,66.89,4032.11,Yes
CUST00215,Female,1,12,No,Fiber optic,46.83,608.73,No
CUST00216,Female,1,50,No,No,46.21,1874.42,No
CUST00217,Female,0,0,Yes,Fiber optic,70.95,,Yes
CUST00218,Female,0,29,No,Fiber optic,37.92,908.72,No
CUST00219,Male,0,1,No,No,102.28,106.92,Yes
CUST00220,Male,0,2,Yes,Fiber optic,78.59,164.68,Yes
CUST00221,Female,0,19,Yes,Fiber optic,55.05,925.39,Yes
CUST00222,Male,1,24,Yes,DSL,93.67,2466.69,No
CUST00223,Female,0,42,No,DSL,56.55,,No
CUST00224,Male,0,57,No,Fiber optic,51.41,2860.77,No
CUST00225,Female,0,65,Yes,Fiber optic,84.98,6031.48,No
CUST00226,Male,0,37,Yes,Fiber optic,65.88,2133.77,No
CUST00227,Female,0,10,Yes,Fiber optic,71.74,631.7,Yes
CUST00228,Male,0,10,No,Fiber optic,98.23,985.36,No
CUST00229,Female,0,35,No,Fiber optic,48.75,1894.99,Yes
CUST00230,Male,0,63,Yes,Fiber optic,93.29,5429.21,Yes
CUST00231,Female,0,16,No,DSL,31.24,503.31,No
CUST00232,Male,0,65,Yes,Fiber optic,98.16,5898.36,Yes
CUST00233,Female,1,18,No,Fiber optic,43.86,767.38,No
CUST00234,Female,0,70,Yes,DSL,56.96,4540.26,No
CUST00235,Female,0,72,Yes,Fiber optic,20.26,1305.9,Yes
CUST00236,Male,1,30,No,DSL,44.34,1583.01,No
CUST00237,Male,0,1,Yes,DSL,77.35,82.45,No
CUST00238,Male,1,56,No,No,29.17,1699.83,No
CUST00239,Female,1,44,No,Fiber optic,26.73,1206.32,No
CUST00240,Female,0,42,Yes,DSL,75.66,2854.35,No
CUST00241,Female,1,66,Yes,DSL,56.47,3468.97,No
CUST00242,Female,0,17,No,Fiber optic,25.51,523.75,No
CUST00243,Male,0,41,Yes,DSL,91.79,3563.89,No
CUST00244,Female,1,53,Yes,No,47.33,2484.98,No
CUST00245,Male,0,56,No,Fiber optic,86.96,5382.46,Yes
CUST00246,Male,1,63,No,DSL,70.38,3855.09,No
CUST00247,Female,0,10,Yes,DSL,61.83,538.23,No
CUST00248,Female,0,3,Yes,DSL,109.55,,Yes
CUST00249,Male,0,24,Yes,Fiber optic,69.64,1583.19,No
CUST00250,Female,1,58,No,DSL,34.06,1638.5,No
CUST00251,Female,0,72,Yes,DSL,62.14,4022.87,No
CUST00252,Male,0,36,Yes,DSL,60.39,1998.57,No
CUST00253,Male,0,31,No,DSL,74.57,2270.58,No
CUST00254,Male,0,7,No,DSL,106.34,722.84,Yes
CUST00255,Male,0,24,No,No,90.78,2124.13,No
CUST00256,Female,0,9,No,No,87.97,810.64,No
CUST00257,Female,0,2,No,Fiber optic,106.45,227.94,Yes
CUST00258,Male,1,42,No,DSL,89.51,3341.66,No
CUST00259,Male,0,5,Yes,DSL,108.4,582.43,Yes
CUST00260,Female,0,20,No,DSL,96.38,1986.17,No
CUST00261,Female,0,0,No,No,69.84,,No
CUST00262,Female,0,63,Yes,Fiber optic,22.19,1921.35,No
CUST00263,Male,0,26,Yes,No,28.88,895.94,No
CUST00264,Male,0,63,Yes,DSL,46.73,,No
CUST00265,Male,1,8,No,Fiber optic,90.77,755.33,Yes
CUST00266,Male,0,61,No,Fiber optic,81.44,4945.52,No
CUST00267,Female,0,19,Yes,DSL,72.78,,No
CUST00268,Female,0,64,Yes,DSL,57.21,3032.14,No
CUST00269,Male,0,7,Yes,DSL,70.62,461.26,Yes
CUST00270,Female,0,1,Yes,DSL,80.01,77.98,Yes
CUST00271,Female,0,5,No,No,65.52,351.45,No
CUST00272,Male,0,8,Yes,DSL,69.43,478.92,No
CUST00273,Male,1,67,Yes,DSL,93.17,5928.41,No
CUST00274,Male,0,38,No,Fiber optic,76.26,2572.87,No
CUST00275,Male,0,33,Yes,Fiber optic,51.9,1912.24,Yes
CUST00276,Female,0,58,No,Fiber optic,47.69,2741.79,No
CUST00277,Female,0,12,Yes,No,68.43,791.79,No
CUST00278,Male,0,1,Yes,No,86.23,88.92,No
CUST00279,Female,0,4,Yes,DSL,108.82,445.76,No
CUST00280,Male,0,22,Yes,Fiber optic,23.62,727.46,No
CUST00281,Female,0,41,Yes,DSL,39.43,1459.37,No
CUST00282,Female,0,0,Yes,Fiber optic,88.63,,No
CUST00283,Female,1,2,No,DSL,85.52,161.73,Yes
CUST00284,Male,0,46,No,No,87.69,4457.09,No
CUST00285,Male,0,56,Yes,Fiber optic,40.32,1738.03,No
CUST00286,Male,0,5,No,Fiber optic,73.4,333.43,Yes
CUST00287,Male,1,29,Yes,DSL,25.86,925.33,No
CUST00288,Female,0,33,No,DSL,90.5,2900.25,No
CUST00289,Male,1,66,Yes,Fiber optic,83.16,5479.92,Yes
CUST00290,Female,0,21,Yes,DSL,33.99,736.66,No
CUST00291,Female,1,6,No,DSL,104.2,682.59,Yes
CUST00292,Female,0,23,Yes,DSL,98.86,2290.91,No
CUST00293,Female,1,2,No,DSL,76.55,140.16,Yes
CUST00294,Female,0,2,Yes,DSL,81.51,180.71,No
CUST00295,Male,0,3,No,Fiber optic,102.13,326.06,Yes
CUST00296,Female,0,3,Yes,No,71.56,206.18,Yes
CUST00297,Female,0,16,No,DSL,38.59,711.08,No
CUST00298,Male,0,10,Yes,DSL,108.28,1080.19,No
CUST00299,Female,0,49,No,DSL,30.7,1380.8,No
CUST00300,Female,0,12,No,No,31.26,272.41,No
CUST00301,Male,0,41,No,DSL,91.41,3807.85,No
CUST00302,Female,0,45,Yes,Fiber optic,53.12,2559.53,No
CUST00303,Female,0,36,Yes,Fiber optic,87.49,2982.06,No
CUST00304,Male,0,14,No,DSL,59.17,766.11,No
CUST00305,Female,0,5,Yes,DSL,84.18,464.75,Yes
CUST00306,Male,1,70,Yes,Fiber optic,62.14,3711.43,Yes
CUST00307,Male,0,31,Yes,Fiber optic,63.71,1919.84,No
CUST00308,Male,1,64,Yes,No,41.57,2198.63,Yes
CUST00309,Female,0,27,Yes,DSL,39.02,1284.57,No
CUST00310,Female,0,52,Yes,DSL,66.7,3279.07,No
CUST00311,Male,0,56,No,No,43.92,2278.14,No
CUST00312,Female,0,9,No,No,71.96,672.69,No
CUST00313,Male,0,4,Yes,No,86.76,327.4,Yes
CUST00314,Female,0,7,No,DSL,103.07,708.35,Yes
CUST00315,Female,0,4,No,No,80.41,315.76,Yes
CUST00316,Male,0,15,Yes,No,93.05,1359.55,No
CUST00317,Female,0,2,No,No,96.25,207.69,Yes
CUST00318,Male,0,7,No,DSL,76.54,562.02,Yes
CUST00319,Female,1,22,No,Fiber optic,58.65,1501.87,No
CUST00320,Female,1,17,Yes,Fiber optic,50.74,804.85,Yes
CUST00321,Female,0,46,No,DSL,47.06,2164.1,No
CUST00322,Female,1,0,No,Fiber optic,109.42,,Yes
CUST00323,Female,0,0,Yes,DSL,84.67,,Yes
CUST00324,Male,0,19,No,Fiber optic,34.27,655.98,No
CUST00325,Female,1,40,No,Fiber optic,67.61,,Yes
CUST00326,Female,1,4,Yes,Fiber optic,69.74,271.42,No
CUST00327,Female,0,44,No,Fiber optic,92.12,4289.61,No
CUST00328,Female,0,28,No,No,37.53,922.39,No
CUST00329,Male,0,6,No,Fiber optic,95.71,557.12,Yes
CUST00330,Female,0,11,Yes,DSL,71.09,850.51,No
CUST00331,Male,0,52,No,DSL,38.1,2489.31,No
CUST00332,Female,0,30,Yes,DSL,50.97,1672.69,No
CUST00333,Male,0,64,Yes,DSL,51.96,2911.81,No
CUST00334,Male,0,67,Yes,Fiber optic,20.36,1877.21,Yes
CUST00335,Female,0,57,No,Fiber optic,69.94,3737.32,No
CUST00336,Male,0,7,No,DSL,96.45,621.82,Yes
CUST00337,Male,0,47,No,DSL,56.63,2358.24,No
CUST00338,Male,0,67,No,DSL,96.61,6776.95,No
CUST00339,Male,1,5,Yes,DSL,81.64,408.53,Yes
CUST00340,Male,0,42,No,DSL,30.55,1398.3,No
CUST00341,Female,0,58,Yes,DSL,63.08,3711.0,No
CUST00342,Female,1,26,No,Fiber optic,51.23,1142.57,Yes
CUST00343,Female,0,4,Yes,Fiber optic,63.2,260.45,Yes
CUST00344,Male,0,4,Yes,Fiber optic,71.07,275.86,No
CUST00345,Female,1,61,No,DSL,71.97,4354.38,Yes
CUST00346,Male,0,58,No,DSL,95.34,5315.15,No
CUST00347,Female,0,16,No,Fiber optic,79.13,1391.19,No
CUST00348,Female,0,0,No,No,96.4,,Yes
CUST00349,Male,0,20,Yes,DSL,68.88,1530.67,No
CUST00350,Male,0,66,No,DSL,22.99,1624.34,No
CUST00351,Male,1,11,Yes,Fiber optic,100.74,,Yes
CUST00352,Female,1,30,Yes,Fiber optic,62.22,1896.78,No
CUST00353,Female,0,6,No,DSL,82.27,458.57,No
CUST00354,Male,1,4,No,DSL,66.06,297.36,No
CUST00355,Male,0,71,Yes,No,33.68,2297.7,No
CUST00356,Male,1,2,Yes,DSL,70.44,145.27,No
CUST00357,Male,0,31,Yes,Fiber optic,37.23,935.61,No
CUST00358,Male,0,12,Yes,DSL,80.92,1039.59,No
CUST00359,Male,0,31,No,Fiber optic,87.38,2750.27,Yes
CUST00360,Female,0,8,Yes,Fiber optic,105.25,854.15,Yes
CUST00361,Male,0,47,Yes,DSL,62.9,2672.02,No
CUST00362,Male,0,16,Yes,Fiber optic,39.72,720.26,Yes
CUST00363,Female,0,45,Yes,No,84.78,4118.64,No
CUST00364,Male,0,53,Yes,Fiber optic,28.98,1966.8,No
CUST00365,Female,0,8,No,No,87.93,709.93,Yes
CUST00366,Male,0,31,No,DSL,24.9,626.15,No
CUST00367,Female,0,7,Yes,Fiber optic,74.93,457.59,Yes
CUST00368,Female,0,7,No,DSL,96.89,735.06,Yes
CUST00369,Female,0,32,Yes,Fiber optic,93.05,,No
CUST00370,Female,0,33,Yes,Fiber optic,50.48,1905.01,No
CUST00371,Female,0,13,No,DSL,73.76,975.27,No
CUST00372,Female,0,0,Yes,DSL,66.37,,No
CUST00373,Male,0,16,Yes,DSL,69.37,999.93,No
CUST00374,Female,0,47,No,DSL,57.16,3078.01,No
CUST00375,Male,0,38,Yes,DSL,93.09,3548.38,No
CUST00376,Male,0,4,No,DSL,85.45,,No
CUST00377,Male,1,19,No,DSL,85.14,1738.97,Yes
CUST00378,Female,0,10,No,Fiber optic,76.42,726.34,Yes
CUST00379,Female,1,70,Yes,Fiber optic,73.98,4526.45,No
CUST00380,Male,0,35,No,Fiber optic,79.46,3094.36,No
CUST00381,Male,0,6,No,DSL,74.31,480.76,Yes
CUST00382,Female,0,48,No,No,83.01,3919.52,No
CUST00383,Male,0,8,Yes,Fiber optic,73.74,614.85,Yes
CUST00384,Male,0,12,Yes,No,97.97,,No
CUST00385,Male,0,21,Yes,Fiber optic,32.94,502.12,Yes
CUST00386,Female,0,33,No,Fiber optic,49.83,1323.22,No
CUST00387,Female,0,4,No,DSL,80.36,282.2,Yes
CUST00388,Male,0,67,Yes,DSL,25.61,1616.38,No
CUST00389,Female,0,72,Yes,DSL,57.86,4364.19,No
CUST00390,Male,1,38,Yes,Fiber optic,99.23,3745.64,Yes
CUST00391,Female,0,29,No,Fiber optic,76.56,2337.99,No
CUST00392,Male,1,10,Yes,No,90.88,893.34,Yes
CUST00393,Male,0,31,No,DSL,80.94,2478.39,No
CUST00394,Male,0,12,Yes,Fiber optic,97.44,1195.96,Yes
CUST00395,Female,0,69,No,DSL,22.31,2222.96,No
CUST00396,Female,0,11,Yes,Fiber optic,74.88,723.95,Yes
CUST00397,Female,0,68,No,No,35.99,3116.46,No
CUST00398,Female,0,36,Yes,DSL,63.2,2292.78,No
CUST00399,Male,1,5,Yes,No,93.76,514.66,Yes
CUST00400,Male,0,67,Yes,Fiber optic,86.52,6035.72,Yes
CUST00401,Female,0,69,Yes,DSL,71.12,5180.18,No
CUST00402,Male,0,66,No,No,29.23,2262.93,No
CUST00403,Female,0,9,Yes,DSL,94.38,772.0,No
CUST00404,Male,0,11,Yes,No,62.49,755.97,No
CUST00405,Male,0,39,No,Fiber optic,29.81,1536.43,No
CUST00406,Male,0,54,No,Fiber optic,35.92,2176.04,No
CUST00407,Female,0,28,Yes,DSL,85.65,2490.76,No
CUST00408,Female,0,9,No,DSL,94.55,914.67,No
CUST00409,Male,0,14,No,No,41.91,472.05,No
CUST00410,Male,0,66,Yes,No,39.96,2871.54,No
CUST00411,Male,1,13,Yes,Fiber optic,57.93,880.44,Yes
CUST00412,Male,1,42,No,DSL,26.62,1311.94,No
CUST00413,Female,0,7,No,Fiber optic,76.76,505.4,Yes
CUST00414,Male,0,69,Yes,DSL,93.9,5829.05,No
CUST00415,Male,0,65,Yes,No,42.66,2700.7,No
CUST00416,Male,0,27,Yes,DSL,52.04,1300.7,No
CUST00417,Female,0,51,Yes,No,41.06,1925.69,No
CUST00418,Female,0,8,Yes,Fiber optic,79.9,617.88,Yes
CUST00419,Male,0,20,Yes,DSL,34.48,837.43,No
CUST00420,Female,0,6,Yes,DSL,104.16,587.74,No
CUST00421,Female,0,40,Yes,Fiber optic,93.7,3446.95,No
CUST00422,Female,0,48,No,Fiber optic,97.88,,No
CUST00423,Female,0,50,Yes,Fiber optic,69.72,3606.12,No
CUST00424,Female,0,23,No,No,38.04,,No
CUST00425,Male,0,66,No,Fiber optic,68.34,4398.63,No
CUST00426,Female,1,38,No,DSL,81.77,3064.96,No
CUST00427,Female,0,5,Yes,DSL,94.29,477.29,Yes
CUST00428,Female,0,70,No,DSL,99.26,6561.95,No
CUST00429,Male,0,9,Yes,Fiber optic,101.32,976.46,No
CUST00430,Female,0,12,Yes,No,35.64,457.09,No
CUST00431,Female,0,62,No,Fiber optic,77.46,4788.84,No
CUST00432,Male,0,54,Yes,Fiber optic,71.55,4049.63,No
CUST00433,Female,0,12,Yes,DSL,72.82,,No
CUST00434,Male,0,25,Yes,No,85.16,1954.07,No
CUST00435,Female,0,6,Yes,Fiber optic,98.81,643.07,Yes
CUST00436,Female,0,30,No,DSL,70.46,1855.64,No
CUST00437,Female,0,1,Yes,No,87.33,92.86,Yes
CUST00438,Male,1,46,No,DSL,87.34,4171.5,Yes
CUST00439,Female,0,70,Yes,DSL,96.36,6395.86,No
CUST00440,Female,0,31,No,No,85.18,2712.76,No
CUST00441,Male,0,71,Yes,Fiber optic,75.49,5738.7,No
CUST00442,Female,0,27,No,Fiber optic,53.52,1635.4,No
CUST00443,Female,0,9,No,No,102.0,950.64,Yes
CUST00444,Female,0,1,Yes,DSL,61.31,53.48,No
CUST00445,Male,0,11,No,DSL,84.96,830.22,Yes
CUST00446,Female,0,8,No,Fiber optic,77.58,542.28,Yes
CUST00447,Male,0,53,Yes,No,70.54,3371.69,No
CUST00448,Female,0,5,Yes,Fiber optic,95.91,436.29,No
CUST00449,Male,0,0,No,Fiber optic,71.83,,No
CUST00450,Male,0,1,Yes,DSL,95.21,103.47,Yes
CUST00451,Female,1,64,Yes,No,21.21,724.16,Yes
CUST00452,Female,0,14,No,DSL,55.03,897.35,No
CUST00453,Male,0,6,Yes,DSL,81.04,430.82,Yes
CUST00454,Male,0,28,Yes,DSL,38.17,954.24,No
CUST00455,Male,0,2,No,DSL,109.08,220.46,Yes
CUST00456,Female,0,6,Yes,DSL,90.39,587.28,No
CUST00457,Female,0,1,No,DSL,71.31,78.06,No
CUST00458,Male,0,58,Yes,No,81.05,5153.8,No
CUST00459,Female,0,13,Yes,Fiber optic,52.44,644.15,Yes
CUST00460,Male,0,59,Yes,DSL,42.76,2681.22,No
CUST00461,Male,0,17,Yes,Fiber optic,32.77,443.38,Yes
CUST00462,Male,0,6,No,No,83.84,453.92,Yes
CUST00463,Female,1,5,No,Fiber optic,103.74,492.11,No
CUST00464,Male,1,68,No,No,92.27,5888.66,No
CUST00465,Female,1,43,Yes,DSL,60.92,2589.26,No
CUST00466,Female,1,7,No,DSL,97.83,635.38,Yes
CUST00467,Female,0,21,Yes,DSL,47.84,1120.93,No
CUST00468,Female,0,70,Yes,Fiber optic,48.28,3507.86,Yes
CUST00469,Female,0,5,Yes,DSL,92.48,434.21,Yes
CUST00470,Male,1,26,Yes,DSL,48.68,1053.6,No
CUST00471,Male,1,43,No,Fiber optic,89.83,4021.77,Yes
CUST00472,Male,0,34,Yes,No,34.83,868.27,No
CUST00473,Male,0,44,Yes,DSL,43.05,1848.66,No
CUST00474,Female,0,5,Yes,DSL,101.18,461.14,Yes
CUST00475,Female,0,3,Yes,No,104.08,311.72,Yes
CUST00476,Female,0,24,No,Fiber optic,63.54,1542.8,Yes
CUST00477,Male,0,7,Yes,Fiber optic,71.9,507.73,Yes
CUST00478,Female,0,16,Yes,DSL,70.96,1282.1,No
CUST00479,Male,0,10,No,DSL,85.71,855.22,Yes
CUST00480,Female,1,69,Yes,Fiber optic,25.29,,Yes
CUST00481,Female,1,7,No,No,106.33,,Yes
CUST00482,Female,0,39,No,DSL,46.07,1678.74,No
CUST00483,Male,1,21,Yes,DSL,87.52,1929.54,Yes
CUST00484,Female,1,61,Yes,DSL,62.33,3682.58,No
CUST00485,Male,0,22,No,Fiber optic,66.99,1536.62,Yes
CUST00486,Female,0,5,No,DSL,107.36,519.16,No
CUST00487,Female,0,72,Yes,Fiber optic,55.47,3574.33,No
CUST00488,Male,0,5,Yes,DSL,93.48,457.86,No
CUST00489,Male,0,61,Yes,DSL,99.92,6687.35,No
CUST00490,Female,0,1,No,DSL,95.92,98.79,No
CUST00491,Female,0,19,Yes,DSL,67.88,1472.62,No
CUST00492,Female,0,5,Yes,Fiber optic,68.27,297.06,No
CUST00493,Male,0,3,No,No,75.54,209.08,Yes
CUST00494,Female,0,68,Yes,Fiber optic,59.5,4003.01,No
CUST00495,Female,0,41,Yes,Fiber optic,36.58,1439.39,No
CUST00496,Male,0,17,No,DSL,20.7,287.04,No
CUST00497,Female,0,3,No,Fiber optic,100.59,272.4,Yes
CUST00498,Male,0,52,Yes,Fiber optic,71.77,4075.6,No
CUST00499,Male,0,69,Yes,DSL,41.65,3067.32,No
CUST00500,Male,0,19,No,No,60.99,1276.42,No
CUST00501,Female,0,4,Yes,Fiber optic,95.08,389.66,Yes
CUST00502,Female,0,6,No,Fiber optic,87.1,507.42,Yes
CUST00503,Female,0,31,No,DSL,46.01,1718.4,No
CUST00504,Female,1,10,No,No,70.06,783.21,No
CUST00505,Female,0,11,Yes,No,77.27,755.02,Yes
CUST00506,Male,0,41,No,Fiber optic,88.01,3834.03,No
CUST00507,Female,1,12,No,DSL,28.4,408.27,No
CUST00508,Male,0,3,No,Fiber optic,91.12,291.58,No
CUST00509,Female,0,50,No,DSL,69.4,3561.86,No
CUST00510,Male,0,5,No,No,71.02,370.43,No
CUST00511,Female,0,12,No,Fiber optic,81.97,937.64,Yes
CUST00512,Female,1,40,Yes,No,52.72,,Yes
CUST00513,Male,0,7,Yes,DSL,73.08,501.45,No
CUST00514,Male,1,11,Yes,Fiber optic,91.44,1023.44,No
CUST00515,Female,0,21,No,Fiber optic,37.54,,No
CUST00516,Female,0,8,Yes,No,103.01,807.5,No
CUST00517,Male,0,71,No,Fiber optic,56.81,4600.86,No
CUST00518,Female,0,6,No,Fiber optic,63.95,396.7,Yes
CUST00519,Male,0,44,Yes,DSL,79.13,3347.36,No
CUST00520,Female,0,53,Yes,DSL,48.97,2531.97,No
CUST00521,Male,0,43,Yes,No,21.08,1177.72,No
CUST00522,Male,0,1,No,DSL,68.98,70.72,No
CUST00523,Female,0,33,Yes,DSL,93.15,3037.51,No
CUST00524,Male,0,0,No,DSL,69.95,,No
CUST00525,Female,1,32,No,Fiber optic,77.22,2403.68,No
CUST00526,Male,0,5,Yes,Fiber optic,102.56,557.79,No
CUST00527,Female,1,3,Yes,No,87.58,248.92,No
CUST00528,Male,1,1,Yes,No,73.06,71.71,Yes
CUST00529,Male,0,46,No,Fiber optic,95.98,4840.79,No
CUST00530,Male,0,63,Yes,No,70.47,5034.22,No
CUST00531,Male,0,39,Yes,DSL,23.3,1132.79,No
CUST00532,Female,0,8,No,DSL,61.65,435.67,No
CUST00533,Male,0,25,No,Fiber optic,55.11,1218.4,No
CUST00534,Female,0,41,No,DSL,67.18,,No
CUST00535,Female,1,9,Yes,DSL,64.45,532.77,No
CUST00536,Male,0,61,No,Fiber optic,91.08,5890.44,No
CUST00537,Male,0,0,Yes,Fiber optic,74.27,,No
CUST00538,Male,0,0,Yes,DSL,61.83,,No
CUST00539,Male,1,8,Yes,DSL,71.07,509.03,No
CUST00540,Male,0,34,Yes,Fiber optic,30.52,866.01,No
CUST00541,Female,0,4,No,DSL,101.45,386.35,Yes
CUST00542,Male,1,68,Yes,Fiber optic,60.5,4145.15,Yes
CUST00543,Female,0,10,Yes,Fiber optic,95.07,1047.88,No
CUST00544,Female,0,27,No,Fiber optic,27.85,809.14,No
CUST00545,Female,0,10,No,Fiber optic,64.03,735.04,Yes
CUST00546,Male,0,6,Yes,No,102.8,586.82,Yes
CUST00547,Male,0,3,No,Fiber optic,89.11,275.01,Yes
CUST00548,Male,1,33,No,No,80.32,2451.07,No
CUST00549,Female,1,27,No,No,50.79,1565.41,No
CUST00550,Male,0,61,No,Fiber optic,32.81,1444.12,No
CUST00551,Female,0,0,No,DSL,79.24,,No
CUST00552,Female,0,1,No,Fiber optic,96.58,99.23,Yes
CUST00553,Male,0,44,No,Fiber optic,34.3,1938.37,Yes
CUST00554,Male,0,58,Yes,No,43.84,2123.43,No
CUST00555,Male,0,16,No,Fiber optic,85.53,1289.68,No
CUST00556,Male,0,33,Yes,No,67.34,2233.06,No
CUST00557,Male,0,53,Yes,DSL,32.53,1203.55,No
CUST00558,Male,0,43,No,DSL,87.09,3899.08,No
CUST00559,Female,0,46,No,No,69.4,3624.76,No
CUST00560,Male,0,8,Yes,DSL,99.23,745.17,Yes
CUST00561,Female,0,12,No,DSL,78.88,956.79,No
CUST00562,Female,1,9,Yes,No,71.12,556.27,No
CUST00563,Male,0,59,No,DSL,41.2,2209.75,No
CUST00564,Female,1,2,Yes,No,86.57,160.96,Yes
CUST00565,Female,0,38,No,No,96.83,3519.15,No
CUST00566,Male,0,27,No,Fiber optic,65.1,1866.45,Yes
CUST00567,Male,0,0,Yes,Fiber optic,68.21,,Yes
CUST00568,Male,0,2,Yes,Fiber optic,106.89,231.06,Yes
CUST00569,Male,0,6,No,Fiber optic,93.86,571.45,No
CUST00570,Female,1,12,No,Fiber optic,35.97,414.0,Yes
CUST00571,Male,0,6,Yes,No,62.86,329.64,No
CUST00572,Male,1,12,Yes,DSL,43.45,482.33,No
CUST00573,Female,0,6,No,DSL,98.98,596.87,No
CUST00574,Female,0,72,No,DSL,73.71,4791.68,No
CUST00575,Female,0,68,No,No,44.82,2523.3,No
CUST00576,Male,0,10,Yes,DSL,72.22,778.98,Yes
CUST00577,Female,0,55,No,Fiber optic,58.37,3589.89,No
CUST00578,Male,0,7,No,DSL,61.81,411.76,No
CUST00579,Male,0,3,Yes,Fiber optic,71.13,211.02,No
CUST00580,Female,0,23,No,DSL,37.11,1054.62,No
CUST00581,Male,0,39,No,No,99.07,,No
CUST00582,Female,0,15,No,DSL,48.97,594.66,No
CUST00583,Female,0,38,No,Fiber optic,67.67,2935.98,No
CUST00584,Male,0,9,Yes,DSL,101.54,939.3,Yes
CUST00585,Female,0,37,No,Fiber optic,20.38,585.09,Yes
CUST00586,Male,0,25,No,Fiber optic,60.45,1498.98,Yes
CUST00587,Female,0,7,No,DSL,79.39,584.57,No
CUST00588,Female,0,7,No,Fiber optic,107.35,706.83,Yes
CUST00589,Male,1,62,Yes,DSL,87.08,5277.54,Yes
CUST00590,Female,0,67,Yes,Fiber optic,70.68,4514.69,No
CUST00591,Male,1,7,Yes,No,105.61,761.14,Yes
CUST00592,Male,0,35,Yes,Fiber optic,29.01,1167.84,Yes
CUST00593,Male,0,6,Yes,DSL,73.04,447.71,No
CUST00594,Female,0,4,No,DSL,69.48,285.69,No
CUST00595,Female,0,45,Yes,DSL,72.96,3707.9,No
CUST00596,Female,1,8,Yes,DSL,93.64,681.96,No
CUST00597,Female,0,3,Yes,No,81.01,247.56,Yes
CUST00598,Female,0,3,No,DSL,104.67,295.19,No
CUST00599,Male,0,62,Yes,Fiber optic,40.3,2984.23,No
CUST00600,Female,0,66,No,No,69.08,4247.84,No
CUST00601,Female,0,34,Yes,Fiber optic,72.09,2612.45,No
CUST00602,Male,0,49,No,DSL,52.58,2537.78,No
CUST00603,Male,0,35,No,Fiber optic,32.27,833.86,Yes
CUST00604,Male,1,43,No,Fiber optic,40.58,1379.63,No
CUST00605,Female,0,29,No,Fiber optic,53.76,,No
CUST00606,Female,0,23,Yes,DSL,30.59,566.75,No
CUST00607,Female,0,41,Yes,No,94.55,4001.31,No
CUST00608,Female,0,5,Yes,DSL,76.76,358.33,No
CUST00609,Female,1,9,No,DSL,109.58,929.32,Yes
CUST00610,Female,1,41,No,No,46.34,1708.53,Yes
CUST00611,Male,0,40,No,Fiber optic,54.02,1882.76,No
CUST00612,Male,0,9,No,Fiber optic,97.37,881.97,Yes
CUST00613,Female,0,35,Yes,Fiber optic,64.28,2030.58,No
CUST00614,Male,1,44,Yes,DSL,43.35,2171.42,No
CUST00615,Female,0,1,No,Fiber optic,74.26,72.42,No
CUST00616,Male,0,21,Yes,Fiber optic,26.56,545.82,Yes
CUST00617,Female,0,26,No,Fiber optic,25.35,520.98,No
CUST00618,Female,1,9,No,Fiber optic,98.53,862.85,Yes
CUST00619,Female,0,30,No,DSL,93.79,2573.83,No
CUST00620,Female,0,1,Yes,No,77.57,78.15,Yes
CUST00621,Female,0,6,Yes,DSL,99.58,537.86,Yes
CUST00622,Female,0,7,No,DSL,97.87,710.95,Yes
CUST00623,Male,0,21,No,Fiber optic,67.09,1336.95,No
CUST00624,Male,0,12,Yes,DSL,59.65,817.88,No
CUST00625,Male,0,72,Yes,DSL,89.76,6880.5,No
CUST00626,Male,0,21,No,No,45.28,1036.41,No
CUST00627,Male,0,12,Yes,DSL,44.87,645.79,No
CUST00628,Female,0,59,No,Fiber optic,68.92,4301.97,Yes
CUST00629,Male,1,54,No,DSL,74.05,4243.37,Yes
CUST00630,Female,1,23,No,No,77.73,1995.94,Yes
CUST00631,Female,0,58,Yes,Fiber optic,39.39,1842.15,No
CUST00632,Male,1,63,No,DSL,78.54,4871.32,No
CUST00633,Male,1,3,Yes,DSL,84.26,280.47,No
CUST00634,Female,0,5,Yes,DSL,63.68,305.06,No
CUST00635,Male,1,16,No,No,25.08,551.21,Yes
CUST00636,Male,1,46,No,DSL,66.15,3343.91,No
CUST00637,Female,0,36,Yes,DSL,74.72,2622.46,No
CUST00638,Male,0,33,Yes,DSL,88.98,2858.38,No
CUST00639,Female,0,11,No,Fiber optic,100.08,1019.87,No
CUST00640,Male,0,6,No,Fiber optic,105.19,614.64,No
CUST00641,Female,1,57,No,No,68.14,4345.49,No
CUST00642,Female,0,9,Yes,Fiber optic,97.38,925.35,Yes
CUST00643,Male,0,67,No,DSL,77.72,5307.47,No
CUST00644,Male,0,6,No,Fiber optic,106.4,682.63,No
CUST00645,Male,0,12,No,No,72.21,804.75,No
CUST00646,Male,0,13,No,DSL,92.36,1245.68,No
CUST00647,Female,0,0,Yes,DSL,80.22,,No
CUST00648,Male,0,34,No,Fiber optic,86.36,3109.08,No
CUST00649,Male,0,22,No,DSL,71.71,1652.02,No
CUST00650,Male,1,40,Yes,Fiber optic,92.35,3937.19,Yes
CUST00651,Male,0,29,No,No,78.2,2361.3,No
CUST00652,Male,0,20,Yes,DSL,24.87,489.99,No
CUST00653,Male,1,23,No,No,22.4,609.39,No
CUST00654,Female,0,2,No,DSL,70.03,143.01,Yes
CUST00655,Male,1,67,No,Fiber optic,45.56,3360.59,No
CUST00656,Female,0,29,Yes,No,28.02,744.63,No
CUST00657,Male,0,40,Yes,DSL,45.37,1829.89,No
CUST00658,Female,0,12,Yes,DSL,74.93,915.72,No
CUST00659,Male,0,35,No,Fiber optic,75.43,2351.04,No
CUST00660,Male,0,11,Yes,Fiber optic,81.23,820.73,No
CUST00661,Female,0,59,No,Fiber optic,28.25,1426.17,No
CUST00662,Male,0,49,No,DSL,50.08,2030.46,No
CUST00663,Male,1,40,Yes,Fiber optic,80.78,,No
CUST00664,Female,0,10,Yes,No,74.39,,Yes
CUST00665,Male,0,55,Yes,DSL,98.4,5301.39,No
CUST00666,Female,0,18,No,Fiber optic,97.17,1611.85,Yes
CUST00667,Male,0,9,No,No,87.68,769.48,No
CUST00668,Female,0,28,No,Fiber optic,70.08,1790.47,No
CUST00669,Male,0,12,Yes,DSL,33.32,382.41,No
CUST00670,Female,0,35,No,DSL,80.27,3149.03,No
CUST00671,Male,1,14,Yes,DSL,45.14,620.96,No
CUST00672,Male,0,62,No,No,69.24,3839.94,No
CUST00673,Female,0,60,No,DSL,57.7,3576.85,No
CUST00674,Female,1,45,Yes,No,29.16,1636.65,Yes
CUST00675,Male,0,45,No,No,56.31,2208.8,No
CUST00676,Male,0,71,No,DSL,49.43,4086.4,No
CUST00677,Female,0,64,Yes,No,51.59,3765.24,No
CUST00678,Male,0,2,No,Fiber optic,94.31,181.4,Yes
CUST00679,Male,0,14,No,Fiber optic,79.83,1249.29,Yes
CUST00680,Female,0,11,Yes,DSL,95.46,954.99,No
CUST00681,Male,0,47,Yes,Fiber optic,96.26,4172.65,No
CUST00682,Male,0,62,No,DSL,59.21,,No
CUST00683,Female,1,24,No,DSL,46.33,1210.15,Yes
CUST00684,Male,0,10,Yes,DSL,60.95,566.43,No
CUST00685,Male,0,20,No,DSL,93.18,2056.72,No
CUST00686,Male,1,12,Yes,Fiber optic,96.93,1098.09,Yes
CUST00687,Male,1,5,No,Fiber optic,103.07,470.05,No
CUST00688,Female,0,58,Yes,Fiber optic,26.32,1553.18,Yes
CUST00689,Male,0,3,Yes,Fiber optic,94.34,309.04,Yes
CUST00690,Female,0,32,No,No,63.61,2120.78,No
CUST00691,Female,0,8,Yes,Fiber optic,95.2,776.84,Yes
CUST00692,Male,1,18,Yes,DSL,91.77,1564.95,No
CUST00693,Female,0,21,Yes,Fiber optic,60.05,1441.93,Yes
CUST00694,Male,0,9,No,DSL,61.84,605.56,No
CUST00695,Female,1,32,No,No,46.33,1256.65,Yes
CUST00696,Male,0,5,No,DSL,73.19,358.49,Yes
CUST00697,Female,0,1,Yes,DSL,81.7,84.73,No
CUST00698,Male,0,6,Yes,Fiber optic,78.21,411.15,Yes
CUST00699,Male,0,6,No,Fiber optic,98.0,562.17,No
CUST00700,Female,0,26,No,Fiber optic,76.93,2143.27,No
CUST00701,Female,0,63,Yes,DSL,24.17,1890.54,No
CUST00702,Male,0,6,Yes,No,72.47,,Yes
CUST00703,Male,0,64,Yes,DSL,86.77,5862.36,No
CUST00704,Female,0,39,Yes,DSL,81.12,3151.92,No
CUST00705,Female,0,24,Yes,Fiber optic,74.43,1740.9,Yes
CUST00706,Female,0,8,Yes,No,83.69,628.57,Yes
CUST00707,Female,1,55,No,Fiber optic,85.98,4376.7,Yes
CUST00708,Female,1,8,Yes,No,62.89,573.36,No
CUST00709,Female,0,11,Yes,No,83.98,,Yes
CUST00710,Male,0,32,No,Fiber optic,50.56,1914.82,No
CUST00711,Male,0,12,No,DSL,79.33,875.15,No
CUST00712,Female,0,4,Yes,Fiber optic,109.44,439.6,Yes
CUST00713,Female,0,24,No,DSL,36.8,950.68,No
CUST00714,Female,0,31,Yes,No,94.54,2708.67,No
CUST00715,Male,0,19,Yes,Fiber optic,29.3,484.19,Yes
CUST00716,Male,0,7,No,No,91.06,595.85,Yes
CUST00717,Female,0,4,No,Fiber optic,102.84,437.96,Yes
CUST00718,Male,0,2,Yes,No,88.71,190.89,No
CUST00719,Female,0,70,No,Fiber optic,46.06,3344.89,No
CUST00720,Female,1,59,No,Fiber optic,36.36,1701.02,Yes
CUST00721,Female,0,13,Yes,DSL,67.61,965.09,No
CUST00722,Female,1,18,No,DSL,65.37,1319.81,No
CUST00723,Female,1,19,Yes,DSL,27.53,528.65,No
CUST00724,Male,0,8,Yes,DSL,98.74,728.66,Yes
CUST00725,Male,1,36,Yes,Fiber optic,64.85,2055.12,No
CUST00726,Male,0,56,Yes,Fiber optic,63.66,3366.02,Yes
CUST00727,Female,0,9,Yes,DSL,89.28,769.85,Yes
CUST00728,Male,0,8,No,Fiber optic,90.76,744.17,No
CUST00729,Male,0,37,Yes,Fiber optic,81.31,2906.96,No
CUST00730,Female,0,37,Yes,Fiber optic,88.19,3447.69,No
CUST00731,Male,0,12,No,No,25.86,275.92,No
CUST00732,Male,0,0,No,Fiber optic,81.35,,Yes
CUST00733,Female,0,56,No,Fiber optic,82.02,4736.02,Yes
CUST00734,Male,1,0,Yes,DSL,62.68,,No
CUST00735,Female,0,1,No,DSL,73.06,64.41,Yes
CUST00736,Female,0,5,Yes,DSL,62.42,338.94,No
CUST00737,Male,0,65,Yes,DSL,51.03,3654.29,No
CUST00738,Female,0,33,No,No,51.86,2004.68,No
CUST00739,Female,1,52,No,DSL,42.93,2043.72,Yes
CUST00740,Male,0,12,Yes,DSL,30.08,339.47,No
CUST00741,Male,1,5,No,No,72.99,339.04,Yes
CUST00742,Male,0,10,No,DSL,109.58,1173.92,Yes
CUST00743,Male,0,67,No,DSL,68.19,5093.36,No
CUST00744,Male,0,14,Yes,Fiber optic,32.54,533.19,No
CUST00745,Male,1,18,No,DSL,47.49,860.96,No
CUST00746,Male,0,6,Yes,No,77.66,447.83,Yes
CUST00747,Male,1,18,Yes,No,20.52,486.19,Yes
CUST00748,Male,0,28,No,No,42.11,910.04,No
CUST00749,Female,0,8,Yes,DSL,88.55,774.27,No
CUST00750,Female,0,43,No,DSL,94.09,4011.05,No
CUST00751,Male,0,63,Yes,Fiber optic,63.15,4091.86,Yes
CUST00752,Female,0,11,No,DSL,83.26,922.74,Yes
CUST00753,Male,1,47,Yes,Fiber optic,57.39,2308.04,Yes
CUST00754,Female,0,32,Yes,DSL,33.51,1061.96,No
CUST00755,Female,0,16,No,Fiber optic,92.67,1365.43,No
CUST00756,Female,1,7,No,DSL,66.79,402.05,No
CUST00757,Female,0,42,No,DSL,80.09,3755.46,No
CUST00758,Male,0,27,No,Fiber optic,57.05,1668.59,No
CUST00759,Female,1,42,Yes,DSL,50.66,2305.12,No
CUST00760,Female,0,0,Yes,DSL,81.09,,Yes
CUST00761,Female,0,49,Yes,Fiber optic,93.76,4306.84,Yes
CUST00762,Male,0,15,No,DSL,96.21,1414.95,No
CUST00763,Male,0,43,Yes,DSL,21.16,526.41,No
CUST00764,Female,0,56,Yes,Fiber optic,54.79,3268.59,Yes
CUST00765,Female,0,25,No,Fiber optic,50.53,1016.81,Yes
CUST00766,Male,1,24,Yes,Fiber optic,97.82,2118.8,No
CUST00767,Female,0,8,No,DSL,79.91,595.84,No
CUST00768,Female,0,7,No,DSL,90.49,688.46,Yes
CUST00769,Female,0,68,No,No,74.14,,No
CUST00770,Male,1,0,No,DSL,94.47,,Yes
CUST00771,Male,0,48,No,No,25.66,779.16,No
CUST00772,Male,0,23,No,Fiber optic,43.56,993.06,No
CUST00773,Female,1,0,No,Fiber optic,100.18,,Yes
CUST00774,Female,0,7,No,Fiber optic,88.6,600.54,Yes
CUST00775,Male,0,16,No,No,49.04,843.3,No
CUST00776,Male,0,6,No,No,66.87,392.1,No
CUST00777,Female,0,13,Yes,Fiber optic,98.86,1169.2,No
CUST00778,Male,0,6,No,Fiber optic,73.14,403.15,No
CUST00779,Male,0,3,No,Fiber optic,85.31,281.66,No
CUST00780,Male,0,17,Yes,Fiber optic,98.35,1524.79,Yes
CUST00781,Male,0,25,Yes,No,46.63,1026.52,No
CUST00782,Female,0,33,Yes,DSL,36.63,903.77,No
CUST00783,Male,1,51,No,Fiber optic,77.97,4450.03,No
CUST00784,Female,0,14,No,No,93.1,1377.31,No
CUST00785,Male,1,10,Yes,Fiber optic,101.93,973.35,Yes
CUST00786,Female,0,3,Yes,Fiber optic,72.26,197.52,Yes
CUST00787,Male,0,10,No,No,85.74,945.65,Yes
CUST00788,Female,1,12,Yes,DSL,71.41,925.56,Yes
CUST00789,Male,0,34,No,Fiber optic,80.19,2809.26,No
CUST00790,Female,1,3,Yes,DSL,92.17,284.18,No
CUST00791,Female,0,12,No,DSL,82.97,,No
CUST00792,Male,0,62,No,Fiber optic,52.4,2737.49,No
CUST00793,Male,0,52,No,Fiber optic,88.3,4441.76,No
CUST00794,Female,0,25,No,No,43.94,943.32,No
CUST00795,Female,0,12,Yes,DSL,34.16,392.1,No
CUST00796,Male,0,65,Yes,Fiber optic,32.26,1523.76,No
CUST00797,Female,1,69,Yes,DSL,60.7,4693.13,Yes
CUST00798,Female,1,64,No,Fiber optic,87.7,6056.66,Yes
CUST00799,Male,0,67,No,No,66.59,5106.47,No
CUST00800,Male,0,40,No,Fiber optic,46.65,2058.7,No
CUST00801,Male,0,31,Yes,No,91.91,2655.17,No
CUST00802,Male,0,12,No,DSL,60.64,688.81,No
CUST00803,Female,0,39,Yes,No,44.13,1711.51,No
CUST00804,Female,0,51,No,Fiber optic,96.01,4828.81,No
CUST00805,Female,0,29,No,Fiber optic,37.03,1317.26,No
CUST00806,Female,0,53,No,No,78.77,4475.12,No
CUST00807,Female,0,21,No,Fiber optic,74.48,1695.17,No
CUST00808,Male,1,6,Yes,DSL,92.91,,Yes
CUST00809,Female,0,57,No,Fiber optic,40.27,1798.61,Yes
CUST00810,Male,1,21,No,DSL,25.68,543.81,Yes
CUST00811,Male,0,21,No,DSL,20.36,478.37,No
CUST00812,Female,0,3,No,DSL,102.4,323.64,No
CUST00813,Female,1,29,Yes,No,25.62,466.1,No
CUST00814,Female,0,4,No,Fiber optic,67.38,285.55,Yes
CUST00815,Female,0,38,Yes,Fiber optic,53.14,2381.64,No
CUST00816,Female,0,4,No,Fiber optic,95.05,351.85,Yes
CUST00817,Female,0,54,Yes,DSL,38.31,1807.05,No
CUST00818,Female,0,39,Yes,DSL,44.01,1823.73,No
CUST00819,Male,0,3,No,DSL,90.71,301.05,Yes
CUST00820,Male,0,54,No,Fiber optic,73.73,3899.82,Yes
CUST00821,Female,1,0,No,Fiber optic,70.94,,Yes
CUST00822,Male,0,59,Yes,No,58.45,3686.24,No
CUST00823,Female,0,29,No,DSL,34.99,1283.78,No
CUST00824,Male,0,48,No,Fiber optic,51.71,2776.92,No
CUST00825,Female,0,12,Yes,Fiber optic,34.77,,Yes
CUST00826,Female,0,68,Yes,Fiber optic,22.28,1921.48,No
CUST00827,Male,0,6,No,Fiber optic,86.9,490.58,Yes
CUST00828,Female,0,29,Yes,DSL,56.91,1896.55,No
CUST00829,Male,0,17,No,DSL,83.8,1544.02,No
CUST00830,Female,0,3,No,DSL,94.14,310.24,No
CUST00831,Male,0,27,No,Fiber optic,63.03,1942.54,No
CUST00832,Female,1,2,No,No,88.7,187.86,Yes
CUST00833,Female,0,50,Yes,Fiber optic,31.65,1503.82,No
CUST00834,Female,0,8,No,DSL,71.2,607.25,No
CUST00835,Female,0,9,Yes,Fiber optic,93.23,860.47,Yes
CUST00836,Female,0,31,Yes,DSL,63.72,1779.29,No
CUST00837,Male,0,56,No,DSL,36.84,1831.47,No
CUST00838,Female,0,3,No,DSL,74.06,223.46,Yes
CUST00839,Male,0,27,Yes,No,95.47,2842.48,No
CUST00840,Female,1,63,Yes,Fiber optic,29.9,1773.17,No
CUST00841,Male,1,1,No,DSL,99.92,102.24,Yes
CUST00842,Male,0,72,Yes,Fiber optic,44.94,3247.89,No
CUST00843,Male,1,10,Yes,No,85.51,812.82,Yes
CUST00844,Male,0,8,No,Fiber optic,78.35,564.59,Yes
CUST00845,Female,1,65,Yes,Fiber optic,39.5,2651.28,Yes
CUST00846,Female,1,4,Yes,DSL,63.42,262.8,No
CUST00847,Male,0,28,Yes,DSL,75.66,2107.18,No
CUST00848,Male,1,3,No,DSL,66.9,178.26,No
CUST00849,Female,0,11,No,DSL,70.75,699.54,Yes
CUST00850,Female,0,3,No,DSL,64.97,175.97,No
CUST00851,Female,0,68,Yes,DSL,46.55,3757.31,No
CUST00852,Male,0,30,No,Fiber optic,22.81,871.93,No
CUST00853,Female,0,41,No,DSL,34.12,1547.8,No
CUST00854,Male,0,17,No,Fiber optic,35.42,716.61,No
CUST00855,Male,0,58,No,DSL,56.61,3380.98,No
CUST00856,Male,1,37,Yes,DSL,96.54,,No
CUST00857,Female,0,57,Yes,DSL,35.85,1887.51,No
CUST00858,Male,0,3,Yes,DSL,98.27,269.36,Yes
CUST00859,Female,1,68,No,Fiber optic,20.49,1419.75,No
CUST00860,Female,0,10,No,DSL,75.08,656.84,Yes
CUST00861,Female,0,52,No,No,70.3,3633.43,No
CUST00862,Female,0,59,Yes,Fiber optic,51.33,2858.71,No
CUST00863,Female,0,10,Yes,Fiber optic,83.24,863.24,Yes
CUST00864,Male,0,69,No,Fiber optic,73.49,,No
CUST00865,Male,0,11,No,DSL,107.76,1142.1,Yes
CUST00866,Female,0,66,Yes,Fiber optic,32.78,2145.7,No
CUST00867,Male,1,65,Yes,Fiber optic,37.49,2286.87,Yes
CUST00868,Female,1,50,Yes,Fiber optic,90.5,4606.17,No
CUST00869,Male,0,10,No,No,71.37,724.15,No
CUST00870,Male,0,6,No,No,81.51,522.13,Yes
CUST00871,Female,0,16,No,Fiber optic,38.48,630.28,No
CUST00872,Female,0,53,Yes,No,57.13,3383.29,No
CUST00873,Female,0,1,Yes,DSL,74.0,75.53,No
CUST00874,Male,0,8,Yes,DSL,100.81,778.15,Yes
CUST00875,Male,1,56,Yes,Fiber optic,90.19,5415.36,No
CUST00876,Female,0,4,No,Fiber optic,93.41,409.24,No
CUST00877,Female,1,12,No,Fiber optic,34.35,387.45,Yes
CUST00878,Male,0,49,Yes,Fiber optic,91.55,4845.47,No
CUST00879,Female,0,72,No,DSL,63.94,5306.79,No
CUST00880,Male,0,39,No,DSL,56.37,1931.15,No
CUST00881,Female,0,7,No,Fiber optic,60.8,421.0,Yes
CUST00882,Male,0,6,Yes,No,66.1,421.55,No
CUST00883,Female,0,34,No,Fiber optic,81.1,,Yes
CUST00884,Female,0,4,No,Fiber optic,79.24,290.83,Yes
CUST00885,Female,1,12,No,Fiber optic,85.38,979.49,Yes
CUST00886,Male,0,72,No,DSL,94.68,6966.92,No
CUST00887,Female,1,1,Yes,Fiber optic,75.62,74.85,Yes
CUST00888,Female,0,8,No,Fiber optic,90.21,676.96,Yes
CUST00889,Male,1,28,Yes,DSL,40.72,1156.33,No
CUST00890,Male,0,28,Yes,Fiber optic,28.24,864.86,No
CUST00891,Male,0,19,No,DSL,98.1,2042.58,No
CUST00892,Female,0,4,No,Fiber optic,88.47,339.03,Yes
CUST00893,Female,0,17,Yes,DSL,89.13,1516.22,No
CUST00894,Female,0,12,No,Fiber optic,27.76,446.8,No
CUST00895,Female,0,5,Yes,Fiber optic,82.26,368.72,No
CUST00896,Male,0,42,No,Fiber optic,76.62,3615.06,Yes
CUST00897,Male,0,6,No,No,76.97,516.26,No
CUST00898,Male,0,48,No,DSL,52.52,2346.63,No
CUST00899,Male,0,66,Yes,DSL,50.24,3338.51,No
CUST00900,Female,0,41,Yes,Fiber optic,38.49,1465.58,No
CUST00901,Female,0,4,Yes,DSL,93.13,369.09,Yes
CUST00902,Male,0,23,Yes,Fiber optic,70.88,1642.4,Yes
CUST00903,Male,1,61,Yes,No,89.38,5847.52,No
CUST00904,Female,0,19,No,No,96.77,1924.42,No
CUST00905,Female,0,3,No,Fiber optic,83.04,271.88,No
CUST00906,Female,0,0,No,Fiber optic,62.34,,No
CUST00907,Male,1,57,No,No,98.35,5914.42,No
CUST00908,Male,0,67,No,Fiber optic,43.54,3083.23,Yes
CUST00909,Female,0,12,No,DSL,71.64,740.36,No
CUST00910,Female,0,55,No,No,57.85,3196.7,No
CUST00911,Male,0,5,No,DSL,108.79,560.45,Yes
CUST00912,Female,0,7,No,No,84.52,653.02,Yes
CUST00913,Female,0,17,No,DSL,87.47,1352.34,No
CUST00914,Female,1,55,No,DSL,79.59,3953.29,Yes
CUST00915,Male,0,1,Yes,No,94.43,87.77,No
CUST00916,Male,0,63,Yes,DSL,43.59,2279.47,No
CUST00917,Female,1,23,Yes,DSL,71.29,1413.96,No
CUST00918,Male,1,39,Yes,Fiber optic,39.93,1908.37,Yes
CUST00919,Male,0,6,Yes,Fiber optic,63.59,404.6,No
CUST00920,Male,0,10,No,DSL,81.66,779.77,Yes
CUST00921,Male,0,54,Yes,Fiber optic,41.95,2473.28,No
CUST00922,Male,0,16,No,No,73.2,1102.36,No
CUST00923,Male,0,37,Yes,DSL,33.37,1055.3,No
CUST00924,Male,0,38,No,No,81.63,3226.77,No
CUST00925,Female,0,5,Yes,No,98.66,525.92,No
CUST00926,Female,0,39,Yes,No,46.52,1970.74,No
CUST00927,Female,0,22,No,Fiber optic,22.3,624.58,No
CUST00928,Female,1,4,No,Fiber optic,95.91,344.52,No
CUST00929,Female,0,5,No,DSL,101.04,,No
CUST00930,Female,0,14,Yes,DSL,61.1,972.39,No
CUST00931,Female,1,19,No,Fiber optic,45.33,841.08,No
CUST00932,Female,1,9,No,Fiber optic,73.51,596.0,No
CUST00933,Male,1,68,No,Fiber optic,56.05,3342.49,No
CUST00934,Female,0,51,Yes,Fiber optic,67.23,3919.24,Yes
CUST00935,Female,0,18,Yes,DSL,57.16,1140.69,No
CUST00936,Male,0,45,No,DSL,25.38,1085.13,No
CUST00937,Male,0,3,Yes,DSL,89.47,279.59,Yes
CUST00938,Male,0,8,No,DSL,64.86,590.13,No
CUST00939,Male,0,30,Yes,DSL,47.76,,No
CUST00940,Male,0,55,Yes,DSL,52.25,2573.8,No
CUST00941,Female,0,39,No,DSL,44.47,1378.4,No
CUST00942,Male,0,0,Yes,Fiber optic,76.73,,Yes
CUST00943,Female,0,49,Yes,DSL,98.86,4397.49,No
CUST00944,Female,0,6,No,DSL,83.5,510.6,Yes
CUST00945,Male,0,12,No,Fiber optic,88.35,986.61,No
CUST00946,Female,0,3,No,Fiber optic,80.14,225.39,No
CUST00947,Male,0,11,Yes,Fiber optic,73.9,881.97,Yes
CUST00948,Female,1,66,No,DSL,31.22,1662.01,No
CUST00949,Male,0,63,No,Fiber optic,92.69,5674.24,No
CUST00950,Female,0,3,No,No,85.83,267.64,No
CUST00951,Male,0,32,Yes,No,25.13,970.17,No
CUST00952,Female,1,12,No,DSL,26.38,209.32,No
CUST00953,Male,0,6,Yes,Fiber optic,106.72,600.13,No
CUST00954,Female,1,50,Yes,DSL,74.43,3342.89,No
CUST00955,Male,0,1,Yes,No,87.54,89.08,No
CUST00956,Male,0,28,No,DSL,55.9,1527.93,No
CUST00957,Female,0,26,No,Fiber optic,48.14,1477.49,No
CUST00958,Female,0,42,Yes,DSL,64.11,2851.66,No
CUST00959,Female,1,28,Yes,DSL,52.78,1681.92,No
CUST00960,Male,0,7,No,DSL,78.13,546.75,Yes
CUST00961,Female,0,33,Yes,DSL,40.66,1309.43,No
CUST00962,Male,0,53,No,Fiber optic,54.09,2792.35,No
CUST00963,Female,0,51,No,DSL,88.31,4715.35,No
CUST00964,Male,0,68,No,DSL,42.43,3533.55,No
CUST00965,Male,0,13,Yes,No,86.89,,No
CUST00966,Male,0,10,No,No,95.95,918.07,Yes
CUST00967,Female,1,3,Yes,Fiber optic,100.75,331.11,Yes
CUST00968,Female,0,8,No,No,94.53,806.2,No
CUST00969,Female,0,3,No,Fiber optic,107.91,316.35,Yes
CUST00970,Male,0,11,Yes,No,99.46,986.01,Yes
CUST00971,Male,1,40,Yes,DSL,41.88,1587.56,No
CUST00972,Male,1,2,No,DSL,83.46,173.14,Yes
CUST00973,Female,0,36,No,Fiber optic,53.75,1907.2,No
CUST00974,Female,0,37,Yes,Fiber optic,93.59,3604.61,No
CUST00975,Male,0,33,Yes,DSL,42.63,1125.03,No
CUST00976,Male,0,64,No,DSL,22.75,1202.48,No
CUST00977,Male,0,21,No,DSL,88.63,1683.72,No
CUST00978,Male,0,15,No,Fiber optic,25.29,441.62,No
CUST00979,Female,0,2,No,DSL,76.44,163.88,Yes
CUST00980,Female,0,22,No,No,58.06,1348.99,No
CUST00981,Male,1,17,No,DSL,43.78,870.25,No
CUST00982,Male,0,64,Yes,DSL,21.87,1669.25,No
CUST00983,Male,0,8,No,Fiber optic,106.42,833.41,Yes
CUST00984,Male,1,5,Yes,Fiber optic,100.63,528.18,No
CUST00985,Male,0,36,No,Fiber optic,92.25,3528.33,No
CUST00986,Female,0,10,Yes,DSL,61.12,642.05,No
CUST00987,Male,0,65,Yes,DSL,40.99,2676.89,No
CUST00988,Male,0,38,No,No,79.07,3169.4,No
CUST00989,Male,0,21,No,DSL,29.33,464.16,No
CUST00990,Female,0,4,No,Fiber optic,99.9,422.87,Yes
CUST00991,Female,1,2,No,DSL,74.97,150.62,Yes
CUST00992,Female,1,66,No,No,44.54,2361.27,Yes
CUST00993,Male,0,62,Yes,DSL,84.36,4622.25,No
CUST00994,Female,0,25,No,DSL,44.12,1259.4,No
CUST00995,Male,0,69,Yes,Fiber optic,98.48,6329.98,No
CUST00996,Female,0,10,No,Fiber optic,74.16,743.67,Yes
CUST00997,Male,0,22,No,Fiber optic,96.2,2303.81,No
CUST00998,Male,0,7,No,Fiber optic,91.82,638.17,Yes
CUST00999,Male,1,9,No,No,97.07,861.29,No
CUST01000,Female,0,0,No,Fiber optic,88.54,,No
